finaidname,finaidimg,finaidlink,finaidtype,studylevel,familyincome,cgpa,major,description,dateline,amount,identity,state
Biasiswa Behn Meyer AgriCare Education Fund Scholarship,https://www.behnmeyer.com/clients/Behn_Meyer_2016_B595E763-7D7D-4F32-B573-3EB80AEF133D/contentms/img/bm_logo.png,https://www.behnmeyer.com/scholarship,scholarship ,"diploma,degree,master,phd","b40,m40,t20","0,4",Plantation & Agrotechnology,"BMA Education Fund Scholarship is offered by BMA to provide higher education opportunities to deserving young Malaysians. This scholarship offers full tuition fees, living expenses as well as required education aids to the recipients.",30/11/2023,10000,default,default
Pembiayaan Pendidikan Yayasan ANGKASA,https://www.yayasanangkasa.coop/wp-content/uploads/2022/11/YA-icon-website-1.png,https://www.yayasanangkasa.coop/pengenalan-yayasan-angkasa/,Study Loan,"degree,master,phd","b40,m40","3,4","Applied Sciences-Civil Engineering-Electrical Engineering-Medicine-Sports Science & Recreation-Architecture, Planning & Surveying-Computer & Mathematical Sciences-Health Sciences-Pharmacy-Chemical Engineering-Dentistry-Mechanical Engineering-Plantation & Agrotechnology-Administrative Science & Policy Studies-Education-Music-Art & Design-Film, Theater & Animation-Communication & Media Studies-Law-Accountancy-Information Management-Business & Management-Hotel & Tourism Management","Yayasan ANGKASA was registered with the Companies Commission of Malaysia (SSM) on 2 December 2010. The establishment of Tabung Pinjaman Pendidikan ANGKASA (TAPAK) is part of the existence of Yayasan ANGKASA. Yayasan ANGKASA plays a role in providing the Flexible Financing Facility in the form of scholarships to members of cooperatives and children of cooperative members to pursue full-time studies at the Bachelor's degree level, as well as financing for Bachelor's degree (Distance Learning), Master's degree, and Doctor of Philosophy (PhD) studies at Public or Private Institutions of Higher Education within the country. The financing provided by Yayasan ANGKASA is interest-free.",31/10/2023,0,default,default
Bantuan E-Belia Rahmah 2023,https://vectorlogo4u.com/wp-content/uploads/2023/02/logo-malaysia-madani-vector-2008x2048.png,https://bantuanrakyat.my/bantuan-e-wallet-2023/,One-off Aid,"foundation,diploma,degree,master,phd","b40,m40,t20","0,4","Applied Sciences-Civil Engineering-Electrical Engineering-Medicine-Sports Science & Recreation-Architecture, Planning & Surveying-Computer & Mathematical Sciences-Health Sciences-Pharmacy-Chemical Engineering-Dentistry-Mechanical Engineering-Plantation & Agrotechnology-Administrative Science & Policy Studies-Education-Music-Art & Design-Film, Theater & Animation-Communication & Media Studies-Law-Accountancy-Information Management-Business & Management-Hotel & Tourism Management","The Ministry of Finance (MOF) has announced that Malaysian youths and university students can apply for their RM200 eBeliaRahmah credit starting next Monday 26th June 2023. Interestingly, there are only three supported eWallets under the programme, namely Boost, Setel and Touch ‘n Go eWallet.",22/8/2023,200,default,default
Biasiswa Hong Leong Foundation Scholarship,https://www.hongleongcsr.org/images/logo.png,https://www.hongleongcsr.org/index.php/hong-leong-foundation/education/scholarships/undergraduate-scholarship,scholarship ,diploma,"b40,m40","3.5,4","Applied Sciences-Civil Engineering-Electrical Engineering-Medicine-Sports Science & Recreation-Architecture, Planning & Surveying-Computer & Mathematical Sciences-Health Sciences-Pharmacy-Chemical Engineering-Dentistry-Mechanical Engineering-Plantation & Agrotechnology-Administrative Science & Policy Studies-Education-Music-Art & Design-Film, Theater & Animation-Communication & Media Studies-Law-Accountancy-Information Management-Business & Management-Hotel & Tourism Management","The Hong Leong Foundation Scholarship has traditionally been the backbone and the primary reason the Foundation was first set up. Intended to benefit Malaysian students from low-income families, the Foundation believes that providing scholarships is about providing opportunities- giving the students the avenue to attain higher education qualification and to equip themselves with essential knowledge and skills to secure employment upon completion of their studies.",30/6/2023,6000,default,default
Biasiswa Hong Leong Foundation Scholarship,https://www.hongleongcsr.org/images/logo.png,https://www.hongleongcsr.org/index.php/hong-leong-foundation/education/scholarships/undergraduate-scholarship,scholarship ,degree,"b40,m40","3.5,4","Applied Sciences-Civil Engineering-Electrical Engineering-Medicine-Sports Science & Recreation-Architecture, Planning & Surveying-Computer & Mathematical Sciences-Health Sciences-Pharmacy-Chemical Engineering-Dentistry-Mechanical Engineering-Plantation & Agrotechnology-Administrative Science & Policy Studies-Education-Music-Art & Design-Film, Theater & Animation-Communication & Media Studies-Law-Accountancy-Information Management-Business & Management-Hotel & Tourism Management","The Hong Leong Foundation Scholarship has traditionally been the backbone and the primary reason the Foundation was first set up. Intended to benefit Malaysian students from low-income families, the Foundation believes that providing scholarships is about providing opportunities- giving the students the avenue to attain higher education qualification and to equip themselves with essential knowledge and skills to secure employment upon completion of their studies.",30/6/2023,8500,default,default
Biasiswa MBAM Education Fund Scholarship Awards,https://www.mtree.com.my/wp-content/uploads/2017/01/logo-mbam-300x225.jpg,https://mbam.org.my/scholarship/,scholarship ,degree,"b40,m40,t20","0,4","Civil Engineering-Mechanical Engineering-Electrical Engineering-Architecture, Planning & Surveying","The Master Builders Association Malaysia (MBAM) Education Fund Scholarship Awards. Since its inception, it has helped outstanding Malaysian students to fulfil their dreams and aspiration. Their success in achieving their aspiration have helped to improve their life and made a positive impact on their families and the communities",30/6/2023,10000,default,default
Biasiswa OCBC Bank,https://www.ocbc.com.my/iwov-resources/sg/ocbc/personal/img/logo_ocbc.png,https://www.ocbc.com.my/group/careers/students/public-scholarship,scholarship ,degree,"b40,m40","3.3,4","Applied Sciences-Civil Engineering-Electrical Engineering-Medicine-Sports Science & Recreation-Architecture, Planning & Surveying-Computer & Mathematical Sciences-Health Sciences-Pharmacy-Chemical Engineering-Dentistry-Mechanical Engineering-Plantation & Agrotechnology-Administrative Science & Policy Studies-Education-Music-Art & Design-Film, Theater & Animation-Communication & Media Studies-Law-Accountancy-Information Management-Business & Management-Hotel & Tourism Management","The OCBC Bank culture rests on nurturing and developing outstanding individuals through quality education, and providing them challenging – and rewarding – opportunities to grow to their fullest potential.",30/6/2023,12000,default,default
Biasiswa Yayasan Tan Sri Lee Shin Cheng IOI Scholarship,https://yayasan.ioigroup.com/img/logo.png,https://yayasan.ioigroup.com/,scholarship ,degree,"b40,m40,t20","3.3,4",Mechanical Engineering-Chemical Engineering-Electrical Engineering-Civil Engineering-Applied Sciences-Business & Management-Accountancy- Computer and Mathematical Sciences-Plantation & Agrotechnology,"Yayasan Tan Sri Lee Shin Cheng has awarded more than RM7.7 million to over 300 students. Yayasan Tan Sri Lee Shin Cheng aims to encourage, support and invest in higher education for qualified Malaysian youth, contributing towards the nurturing of talent in the country.
We have been offering scholarships to academically outstanding students pursuing full-time undergraduate studies in local institutions of higher learning in Malaysia.",30/6/2023,0,default,default
CIMB ASEAN SCHOLARSHIP,https://www.reclaimfund.co.uk/storage/2020/07/CIMB_RGB-01-digi-logo.png,https://www.cimb.com/en/careers/students/cimb-asean-scholarship.html,scholarship,"degree,master","b40,m40,t20","3.25,4",Business & Management-Accountancy-Applied Sciences-Electrical Engineering-Mechanical Engineering-Civil Engineering-Chemical Engineering-Computer and Mathematical Sciences-Communication and Media Studies-Education-Information Management,"The CIMB ASEAN Scholarship is a highly selective, full scholarship for exceptional students from ASEAN countries in which CIMB has a presence. We are looking for individuals fueled up to go beyond the ordinary.",11/6/2023,0,default,default
Biasiswa The IJM Scholarship,https://www.ijm.com/sites/default/files/IJM-Logo_1_1.png,https://www.ijm.com/the-ijm-scholarship,scholarship ,degree,"b40,m40,t20","3,4","Business & Management-Civil Engineering-Computer and Mathematical Sciences-Electrical Engineering-Mechanical Engineering-Architecture, Planning & Surveying-Applied Sciences","IJM Scholarship is offered to aspiring young Malaysians an opportunity to fulfil their aspirations, develop their full potential and contribute towards nation-building.",7/6/2023,0,default,default
Biasiswa Tunku Abdul Rahman (BTAR) 2023,"https://static.wixstatic.com/media/5b19ca_82a134844a634f168f5af9c2e234bb8b~mv2.png/v1/fill/w_318,h_126,al_c,q_85,usm_0.66_1.00_0.01,enc_auto/Removed%20Background%20YTAR%20Logo_edited.png",https://www.yayasantar.org.my/,scholarship ,degree,b40,"0,4","Applied Sciences-Civil Engineering-Electrical Engineering-Medicine-Sports Science & Recreation-Architecture, Planning & Surveying-Computer & Mathematical Sciences-Health Sciences-Pharmacy-Chemical Engineering-Dentistry-Mechanical Engineering-Plantation & Agrotechnology-Administrative Science & Policy Studies-Education-Music-Art & Design-Film, Theater & Animation-Communication & Media Studies-Law-Accountancy-Information Management-Business & Management-Hotel & Tourism Management","The scholarship is open to all, focusing especially on high-potential students with a strong financial need to cover the expenses of the university’s tuition fees and living expenses during the course of the study. We encourage all Malaysians from all fields of study to apply as all applications will be reviewed individually and holistically by the YTAR team.",4/6/2023,0,default,default
Biasiswa Gamuda Scholarship 2023,https://gamuda.com.my/wp-content/uploads/2022/06/logo-header-red.png,https://gamuda.com.my/sustainability-esg/yayasan-gamuda/gamuda-scholarship/,scholarship ,degree,"b40,m40,t20","3.4,4","Civil Engineering-Electrical Engineering-Electrical Engineering-Computer & Mathematical Sciences-Plantation & Agrotechnology-Architecture, Planning & Surveying-Business & Management-Applied Sciences",The Gamuda Scholarship is meant for undergraduates at top public/private universities and branch campuses.,31/5/2023,0,default,default
Khazanah Lestari Scholarship Programme,https://www.yayasankhazanah.com.my/clients/asset_5D8023D9-86C9-4871-A576-2A8754316676/contentms/img/logo/yk-logo-white.png,https://www.yayasankhazanah.com.my/scholarship-programmes/khazanah-lestari-scholarship-programme,scholarship,master,"b40,m40,t20","2.7,4","Business & Management-Accountancy-Administrative Science and Policy Studies-Communication and Media Studies-Law-Hotel and Tourism Management- Information Management-Music- Art and Design-Film, Theatre, and Animation-Education",The Khazanah Lestari Scholarship Programme is established to further fulfill the talent gap in the country in a more holistic manner by providing myriad opportunities to those wanting to pursue academic and executive enrichment programmes on sustainability development and ensuring the needs for future of works is addressed accordingly.,24/5/2023,0,default,default
Biasiswa Bank Pembangunan Islam (ISDB),https://i.pinimg.com/originals/61/36/1a/61361a94c448e5ddb508c09a50dd051b.png,https://www.isdb.org/scholarships,scholarship ,"degree,master,phd","b40,m40,t20","0,4","Medicine-Dentistry-Pharmacy-Health Sciences- Applied Sciences-Civil Engineering-Mechanical Engineering- Chemical Engineering-Electrical Engineering-Architecture, Planning & Surveying-Plantation & Agrotechnology- Computer & Mathematical Sciences","Bank Pembangunan Islam (IDB) offers scholarships at the undergraduate, master's, Doctor of Philosophy (Ph.D.), and post-doctoral levels on a full-time basis in specialized fields designated by IDB.",15/5/2023,0,default,default
Biasiswa PIDM Undergraduate,https://assets.nst.com.my/images/articles/PIDMscam-MS0109_NSTfield_image_socialmedia.var_1598938761.jpg,https://www.pidm.gov.my/en/more/undergraduate-scholarship-programme,scholarship ,degree,"b40,m40,t20","3.5,4",Accountancy-Computer & Mathematical Sciences-Business & Management,"PIDM is a government authority that protects your bank deposits, takaful and insurance benefits in the event of member institution failure. As part of its mandate, PIDM also works to promote public confidence in the stability of the financial system in Malaysia",21/4/2023,30000,default,default
Biasiswa Suruhanjaya Perkhidmatan Air Negara (SPAN) Scholarship 2022,http://www.metropolitancorridor.com/includes/pics/logo-mc@2x.png,http://www.metropolitancorridor.com/sfa-span-bm.php,scholarship ,degree,"b40,m40,t20","3.5,4","Civil Engineering-Electrical Engineering-Electrical Engineering-Computer & Mathematical Sciences-Architecture, Planning & Surveying-Business & Management-Accountancy-Chemical Engineering-Mechanical Engineering",The SPAN scholarship program provides opportunities for outstanding Semester 2 Asasi/Matrikulasi students to continue their studies from the Asasi/Matrikulasi level to a Bachelor's degree at public universities in the country. It is SPAN's aspiration to cultivate a holistic young generation and subsequently enter the workforce to fulfill the needs of the country's water and sanitation sector.,,0,default,default
Biasiswa TNB PRIME Scholarship,https://ytn.tnb.com.my/img/logo.png,https://ytn.tnb.com.my/scholarships.html,scholarship ,degree,"b40,m40,t20","3.5,4",Electrical Engineering-Business & Management-Computer and Mathematical Sciences,"Yayasan Tenaga Nasional (YTN), which was established as a trust body for TNB, continues to ensure that the company’s corporate social responsibility initiatives and efforts are met through scholarships and study loans to deserving students. Yayasan Tenaga Nasional continues to play its role in disbursing financial assistance and scholarships to help outstanding and deserving students further their studies in institutions of higher learning both locally and abroad.",,0,default,default
Biasiswa Top Glove Scholarship,https://media.cdn.gradconnection.com/uploads/e6f860ff-96b3-4e44-ac7f-a9203c96c2d3-Top_Glove_-_Logo.png,https://drive.google.com/file/d/1eqi2w9FHS7r_QMJg-ou8Xo5pRKZfKK48/view?fbclid=IwAR36Hu6Mmk78kv7fxxoXvstAtwmUzmDz51tjQ-C1e32ljy6OGbaxL_lsM30,scholarship ,degree,"b40,m40,t20","3.5,4",Mechanical Engineering-Chemical Engineering-Electrical Engineering-Civil Engineering-Applied Sciences-Business & Management-Accountancy- Computer and Mathematical Sciences,TG Scholarship Award is established with the objective of offering scholarship to qualified students who are pursuing full time degree courses (undergraduate). Awards for undergraduate studies are divided to two categories; award for local public university and award for selected Taiwan universities.,,13000,default,default
Biasiswa Wells Mountain Foundation (WMF),https://www.wellsmountaininitiative.org/wp-content/uploads/2018/08/WMI_logo_stacked-1.png,https://www.wellsmountaininitiative.org/prospective-scholars/,scholarship,"diploma,degree","b40,m40,t20","0,4","Applied Sciences-Civil Engineering-Electrical Engineering-Medicine-Sports Science & Recreation-Architecture, Planning & Surveying-Computer & Mathematical Sciences-Health Sciences-Pharmacy-Chemical Engineering-Dentistry-Mechanical Engineering-Plantation & Agrotechnology-Administrative Science & Policy Studies-Education-Music-Art & Design-Film, Theater & Animation-Communication & Media Studies-Law-Accountancy-Information Management-Business & Management-Hotel & Tourism Management","The Wells Mountain Foundation (WMF), through its Empowerment Through Education (ETE) program, offers undergraduate scholarships to citizens of developing countries who will pursue or are planning to pursue their studies in their home country or another developing country.",,0,default,default
Biasiswa Yayasan Bank Rakyat,https://yayasanbankrakyat.com.my/images/logoybr.png,https://application.yayasanbankrakyat.com.my/index.php/pess,scholarship ,degree,"b40,m40,t20","3.5,4",Business & Management-Computer and Mathematical Sciences-Information Management,"The Yayasan Bank Rakyat Scholarship is a scholarship program offered by Yayasan Bank Rakyat in Malaysia. Yayasan Bank Rakyat is a foundation established by Bank Rakyat, a leading Islamic cooperative bank in Malaysia. The scholarship aims to support deserving students in pursuing their higher education and achieving their academic goals.",,0,default,default
Biasiswa Yayasan Bank Rakyat | Pembiayaan Pendidikan Boleh Ubah (PPBU),https://yayasanbankrakyat.com.my/images/logoybr.png,https://yayasanbankrakyat.com.my/index.php/ppbu/ppbu,pbu,diploma,"b40,m40,t20","0,4",Accountancy-Business & Management-Communication and Media Studies-Law-Computer and Mathematical Sciences,"The Yayasan Bank Rakyat Scholarship is a scholarship program offered by Yayasan Bank Rakyat in Malaysia. Yayasan Bank Rakyat is a foundation established by Bank Rakyat, a leading Islamic cooperative bank in Malaysia. The scholarship aims to support deserving students in pursuing their higher education and achieving their academic goals.",,7500,default,default
Biasiswa Yayasan Bank Rakyat | Pembiayaan Pendidikan Boleh Ubah (PPBU),https://yayasanbankrakyat.com.my/images/logoybr.png,https://yayasanbankrakyat.com.my/index.php/ppbu/ppbu,pbu,degree,"b40,m40,t20","3,4",Accountancy-Business & Management-Communication and Media Studies-Law-Computer and Mathematical Sciences,"The Yayasan Bank Rakyat Scholarship is a scholarship program offered by Yayasan Bank Rakyat in Malaysia. Yayasan Bank Rakyat is a foundation established by Bank Rakyat, a leading Islamic cooperative bank in Malaysia. The scholarship aims to support deserving students in pursuing their higher education and achieving their academic goals.",,9500,default,default
Biasiswa Yayasan Bank Rakyat | Pembiayaan Pendidikan Boleh Ubah (PPBU),https://yayasanbankrakyat.com.my/images/logoybr.png,https://yayasanbankrakyat.com.my/index.php/ppbu/ppbu,Study Loan,master,"b40,m40,t20","3,4",Accountancy-Business & Management-Communication and Media Studies-Law-Computer and Mathematical Sciences,"The Yayasan Bank Rakyat Scholarship is a scholarship program offered by Yayasan Bank Rakyat in Malaysia. Yayasan Bank Rakyat is a foundation established by Bank Rakyat, a leading Islamic cooperative bank in Malaysia. The scholarship aims to support deserving students in pursuing their higher education and achieving their academic goals.",,12000,default,default
Biasiswa Yayasan Bank Rakyat | Pembiayaan Pendidikan Boleh Ubah (PPBU),https://yayasanbankrakyat.com.my/images/logoybr.png,https://yayasanbankrakyat.com.my/index.php/ppbu/ppbu,Study Loan,phd,"b40,m40,t20","3,4",Accountancy-Business & Management-Communication and Media Studies-Law-Computer and Mathematical Sciences,"The Yayasan Bank Rakyat Scholarship is a scholarship program offered by Yayasan Bank Rakyat in Malaysia. Yayasan Bank Rakyat is a foundation established by Bank Rakyat, a leading Islamic cooperative bank in Malaysia. The scholarship aims to support deserving students in pursuing their higher education and achieving their academic goals.",,55800,default,default
Biasiswa Yayasan KLK Scholarship,https://www.klk.com.my/wp-content/uploads/2019/09/KLK2019-10-Website-Logo-01-1.png,https://www.klk.com.my/yayasan-klk-scholarship/,scholarship ,degree,"b40,m40,t20","3.5,4",Plantation & Agrotechnology-Civil Engineering-Chemical Engineering-Mechanical Engineering-Electrical Engineering-Accountancy-Business & Management-Computer and Mathematical Sciences-Applied Sciences,"Yayasan KLK, a foundation established by KLK, offers scholarships to high-achieving young Malaysians who are studying or have gained a place at any Malaysian institutions of higher learning. Upon graduation, scholars may be offered the opportunity to work in KLK or its business units.

",,13000,default,default
Biasiswa Yayasan Sime Darby Excellence Scholarship,http://www.yayasansimedarby.com/clients/Demo_Yayasan_Sime_Darby_970032BC-C2AD-4263-9E03-32332683E920/contentms/img/logo_white.png,http://www.yayasansimedarby.com/scholarship/scholarship-information,scholarship ,degree,"b40,m40","3.3,4","Accountancy-Business & Management-Law-Communication and Media Studies-Computer and Mathematical Sciences-Electrical Engineering-Civil Engineering-Mechanical Engineering-Architecture, Planning, and Surveying-Applied Sciences-Plantation & Agrotechnology",Yayasan Sime Darby invites qualified undergraduate students for the September 2023 intake and first-year undergraduate students to apply for an excellence scholarship to pursue/complete their academic dreams at a top global university or reputable higher learning institution in Malaysia.,,0,default,default
Biasiswa Yayasan Sime Darby - YSD Special Support Bursary,http://www.yayasansimedarby.com/clients/Demo_Yayasan_Sime_Darby_970032BC-C2AD-4263-9E03-32332683E920/contentms/img/logo_white.png,http://www.yayasansimedarby.com/scholarship/scholarship-information,scholarship ,"diploma,degree",b40,"3.0,4","Applied Sciences-Civil Engineering-Electrical Engineering-Sports Science & Recreation-Architecture, Planning & Surveying-Computer & Mathematical Sciences-Chemical Engineering-Mechanical Engineering-Plantation & Agrotechnology-Administrative Science & Policy Studies-Education-Music-Art & Design-Film, Theater & Animation-Communication & Media Studies-Law-Accountancy-Information Management-Business & Management-Hotel & Tourism Management",Yayasan Sime Darby invites promising undergraduate or diploma students for the September 2023 intake and first-year students from low-income (B40) families to apply for a bursary to pursue tertiary education at any recognised Malaysian higher learning institutions.,,25000,default,default
Biasiswa Yayasan UEM Scholarship Programme,https://www.biasiswamalaysia.com/wp-content/uploads/2020/03/yayasan-uem-logo.png,https://www.uem.com.my/yayasanuem_scholarship.aspx,scholarship ,"degree,masteer,phd","b40,m40,t20","3.5,4",Accountancy-Business & Management-Civil Engineering- Mechanical Engineering-Electrical Engineering-Computer and Mathematical Sciences- Information Management,"This is a scholarship for students of STPM / Matriculation / Foundation to attain undergraduate degree at these top local universities / IPTAs – Universiti Teknologi Malaysia (UTM), Universiti Putra Malaysia (UPM), Universiti Kebangsaan Malaysia (UKM), Universiti Malaya (UM), Universiti Islam Antarabangsa Malaysia (UIAM), Universiti Sains Malaysia (USM), Universiti Utara Malaysia (UUM) and UiTM (nationwide).",,0,default,default
Biasiswa YTL Foundation Scholarship Programme,https://ytlfoundation.org/wp-content/uploads/2022/05/YTL-Foundation-Logo_edited-1.png,https://www.biasiswamalaysia.com/biasiswa-ytl-foundation-scholarship-programme/,scholarship ,degree,"b40,m40","3.7,4","Civil Engineering-Electrical Engineering-Mechanical Engineering-Architecture, Planning & Surveying-Business & Management-Accountancy-Art & Design-Computer and Mathematical Sciences","Our scholarship programme is for students seeking to complete their tertiary education at a public or private university. STPM, Matriculation, 'A' Levels, or other foundation programme graduates may apply. Up to 30 scholarships are available each year.",,0,default,default
Hadiah Latihan Persekutuan PPPT,https://www.jpa.gov.my/images/frontend/jata2.png,https://biasiswa.mohe.gov.my/hlp/index.php,scholarship ,"master,phd","b40,m40,t20","2.5,4","Applied Sciences-Civil Engineering-Electrical Engineering-Medicine-Sports Science & Recreation-Architecture, Planning & Surveying-Computer & Mathematical Sciences-Health Sciences-Pharmacy-Chemical Engineering-Dentistry-Mechanical Engineering-Plantation & Agrotechnology-Administrative Science & Policy Studies-Education-Music-Art & Design-Film, Theater & Animation-Communication & Media Studies-Law-Accountancy-Information Management-Business & Management-Hotel & Tourism Management","Sponsorship is provided to Management and Professional Group Officers under the Higher Education Officer Service Scheme (PPPT DH Scheme) in Polytechnics, Community Colleges, and Higher Education Institutions (KPT) only, to pursue full-time studies at the Master's and Ph.D. levels in Public Higher Education Institutions. This program aims to enhance the quality of lecturers in Polytechnics and Community Colleges.",,0,default,default
Hadiah Latihan Persekutuan Staf Bukan Akademik,https://www.jpa.gov.my/images/frontend/jata2.png,https://biasiswa.mohe.gov.my/hlp/index.php,scholarship ,"master,phd","b40,m40,t20","2.75,4","Applied Sciences-Civil Engineering-Electrical Engineering-Medicine-Sports Science & Recreation-Architecture, Planning & Surveying-Computer & Mathematical Sciences-Health Sciences-Pharmacy-Chemical Engineering-Dentistry-Mechanical Engineering-Plantation & Agrotechnology-Administrative Science & Policy Studies-Education-Music-Art & Design-Film, Theater & Animation-Communication & Media Studies-Law-Accountancy-Information Management-Business & Management-Hotel & Tourism Management",Sponsorship is provided to non-academic staff members in Grade 41 and above at Public Universities (UA) to pursue full-time Master's and Ph.D. studies at Public Higher Education Institutions. This program is in line with the Ministry of Higher Education's aspiration to enhance the professionalism of administrative personnel in UA.,,0,default,default
Khazanah Watan Scholarship Programme,https://www.yayasankhazanah.com.my/clients/asset_5D8023D9-86C9-4871-A576-2A8754316676/contentms/img/logo/yk-logo-white.png,https://www.yayasankhazanah.com.my/scholarship-programmes/khazanah-watan-scholarship-programme,scholarship,"foundation,degree, master,phd","b40,m40,t20","3.5,4","Applied Sciences-Civil Engineering-Electrical Engineering-Medicine-Sports Science & Recreation-Architecture, Planning & Surveying-Computer & Mathematical Sciences-Health Sciences-Pharmacy-Chemical Engineering-Dentistry-Mechanical Engineering-Plantation & Agrotechnology-Administrative Science & Policy Studies-Education-Music-Art & Design-Film, Theater & Animation-Communication & Media Studies-Law-Accountancy-Information Management-Business & Management-Hotel & Tourism Management",The Khazanah Watan Scholarship is a prestigious award that offers opportunities for talented and high-achieving Malaysians to pursue Undergraduate and Postgraduate studies at selected leading local universities.,,0,default,default
MRC Scholarship Awards for Undergraduate Studies,https://www.myrubbercouncil.com/assets/pages/img/logo/logo_mrc2022.png,https://www.myrubbercouncil.com/scholarships/,scholarship,"diploma,degree","b40,m40,t20","3,4",Electrical Engineering-Mechanical Engineering-Chemical Engineering- Business & Management-Applied Sciences-Accountancy-Computer and Mathematical Sciences,"MRC's scholarship is awarded to students who have obtained excellent results in the Sijil Pelajaran Malaysia (SPM) and Sijil Tinggi Pelajaran Malaysia (STPM) examinations, as well as undergraduate studies at established universities in Malaysia.",,0,default,default
PESTECH CARE Scholarship Program,https://asset.jobstore.com/uploads/image/5/ikbZQTdKd0/logo_pestech.png,https://pestech-international.com/sites/default/files/2019-10/PESTECH%20Scholarship%202021.pdf,scholarship ,"degree,master,phd","b40,m40,t20","0,4","Electrical Engineering-Mechanical Engineering-Chemical Engineering- Civil Engineering-Business & Management-Accountancy-Information Management- Applied Sciences-Computer & Mathematical Sciences-Architecture, Planning, and Surveying","PESTECH CARE undergraduate/ postgraduate scholarship program aim to create a vibrant and sustainable talent pipelines by providing education sponsorship, training and opportunities to new talents. This scholarship will be offered to qualified students with outstanding academic achievements and active involvement in extracurricular activities. It is open to students who have gained admission or are eligible for admission into undergraduate/ postgraduate studies at all public and private universities recognized by the Government of Malaysia.",,0,default,default
Program Graduan Cemerlang (GrEP) Tajaan MARA,https://www.jpa.gov.my/images/frontend/jata2.png,https://educationloan.mara.gov.my/v4/sa/#/Login,Study Loan,master,"b40,m40,t20","3,4","Applied Sciences-Civil Engineering-Electrical Engineering-Sports Science & Recreation-Architecture, Planning & Surveying-Computer & Mathematical Sciences-Health Sciences-Pharmacy-Chemical Engineering-Mechanical Engineering-Plantation & Agrotechnology-Administrative Science & Policy Studies-Education-Music-Art & Design-Film, Theater & Animation-Communication & Media Studies-Law-Accountancy-Information Management-Business & Management-Hotel & Tourism Management","MARA offers the Graduate Excellence Programme (GrEP), which is a sponsorship program in the form of a Convertible Loan for students pursuing Postgraduate studies (Master's and Doctor of Philosophy) at renowned Institutions of Higher Education both locally and internationally.",,0,default,default
Program Graduan Cemerlang (GrEP) Tajaan MARA,https://www.jpa.gov.my/images/frontend/jata2.png,https://educationloan.mara.gov.my/v4/sa/#/Login,Study Loan,phd,"b40,m40,t20","3.5,4","Applied Sciences-Civil Engineering-Electrical Engineering-Sports Science & Recreation-Architecture, Planning & Surveying-Computer & Mathematical Sciences-Health Sciences-Pharmacy-Chemical Engineering-Mechanical Engineering-Plantation & Agrotechnology-Administrative Science & Policy Studies-Education-Music-Art & Design-Film, Theater & Animation-Communication & Media Studies-Law-Accountancy-Information Management-Business & Management-Hotel & Tourism Management","MARA offers the Graduate Excellence Programme (GrEP), which is a sponsorship program in the form of a Convertible Loan for students pursuing Postgraduate studies (Master's and Doctor of Philosophy) at renowned Institutions of Higher Education both locally and internationally.",,0,default,default
PTPTN,https://www.ptptn.gov.my/wp-content/uploads/2021/11/PTPTN-FA-Brandmark_Stacked-Original-2048x854.png,https://www.ptptn.gov.my/pinjaman-pendidikan/,Study Loan,"foundation,diploma,degree,master,phd","b40,m40,t20","0,4","Applied Sciences-Civil Engineering-Electrical Engineering-Medicine-Sports Science & Recreation-Architecture, Planning & Surveying-Computer & Mathematical Sciences-Health Sciences-Pharmacy-Chemical Engineering-Dentistry-Mechanical Engineering-Plantation & Agrotechnology-Administrative Science & Policy Studies-Education-Music-Art & Design-Film, Theater & Animation-Communication & Media Studies-Law-Accountancy-Information Management-Business & Management-Hotel & Tourism Management",The PTPTN Education Loan Scheme was established to provide educational loans to students pursuing studies at local Institutions of Higher Education (IPT). This education loan enables students to finance either fully or partially their tuition fees and living expenses throughout the duration of their studies. The PTPTN education loan facility is open to students continuing their studies at local Public Institutions of Higher Education (IPTA) and Private Institutions of Higher Education (IPTS) only.,Open,0,default,default
Tajaan MARA | Program Penajaan Pengajian Tertiari (TESP),https://www.jpa.gov.my/images/frontend/jata2.png,https://www.mara.gov.my/tertiary-education-sponsorship-programme-tesp-4/,pbu,degree,"b40,m40,t20","3,4","Applied Sciences-Civil Engineering-Electrical Engineering-Medicine-Sports Science & Recreation-Architecture, Planning & Surveying-Computer & Mathematical Sciences-Health Sciences-Pharmacy-Chemical Engineering-Dentistry-Mechanical Engineering-Plantation & Agrotechnology-Administrative Science & Policy Studies-Education-Music-Art & Design-Film, Theater & Animation-Communication & Media Studies-Law-Accountancy-Information Management-Business & Management-Hotel & Tourism Management",Open to students currently pursuing full-time undergraduate studies in specific fields at selected Institutions of Higher Education (IPT) within the country.,,0,default,default
UITM Zakat ZAWAF,https://zawaf.uitm.edu.my/images/logoUiTM.png,https://simsweb.uitm.edu.my/sportal_app/sportal_login/index_login.htm,scholarship,"diploma,degree",b40,"0,4","Applied Sciences-Civil Engineering-Electrical Engineering-Medicine-Sports Science & Recreation-Architecture, Planning & Surveying-Computer & Mathematical Sciences-Health Sciences-Pharmacy-Chemical Engineering-Dentistry-Mechanical Engineering-Plantation & Agrotechnology-Administrative Science & Policy Studies-Education-Music-Art & Design-Film, Theater & Animation-Communication & Media Studies-Law-Accountancy-Information Management-Business & Management-Hotel & Tourism Management","ZAWAF carries out zakat implementation at UiTM based on the 5S elements and was established in 1998. Learn all about zakat, such as its types and other related matters.",,0,default,default
Bantuan Kewangan Asasi IPTA,https://www.mohe.gov.my/images/new_logo_kpt_black.svg,https://biasiswa.mohe.gov.my/bantuanasasi/index2.php,One-off Aid,foundation,"b40,m40","0,4","Applied Sciences-Civil Engineering-Electrical Engineering-Medicine-Sports Science & Recreation-Architecture, Planning & Surveying-Computer & Mathematical Sciences-Health Sciences-Pharmacy-Chemical Engineering-Dentistry-Mechanical Engineering-Plantation & Agrotechnology-Administrative Science & Policy Studies-Education-Music-Art & Design-Film, Theater & Animation-Communication & Media Studies-Law-Accountancy-Information Management-Business & Management-Hotel & Tourism Management",The Financial Aid Program for Foundation Studies in Public Universities is a sponsorship program established at the Ministry of Higher Education following the transfer of responsibilities from the Ministry of Education Malaysia. This financial aid program was first offered starting from the student intake session of 2005/2006.,,0,default,default
Biasiswa Bank Negara – Undergraduate Scholarship,https://www.bnm.gov.my/documents/20124/3866789/bnm_logo_L.png,https://www.bnm.gov.my/careers/scholarships,scholarship,degree,"b40,m40,t20","3.5,4",Accountancy-Computer & Mathematical Sciences-Law-Business & Management-Administrative Science & Policy Studies,"Bank Negara Malaysia is committed to nurturing young Malaysian talent through the scholarship programme. The scholarship recipients will have access to the best learning experience at top universities per the Bank’s list of approved universities to study Economics, Accounting, Finance, Actuarial Science, Mathematics, Statistics, Data Science, Law and Computer Science.",,0,default,default
Biasiswa Cagamas Scholarship Programme,https://scholarship.cagamas.com.my/images/cagamas-logo-v1.png,https://scholarship.cagamas.com.my/,scholarship ,degree,b40,"3,4",Accountancy-Business & Management- Computer & Mathematical Sciences- Law,The programme is intended to reach out to deserving Malaysians who are in need of financial aid to pursue their education.,,10000,default,default
Biasiswa Endowment UiTM ,https://endowment.uitm.edu.my/v1/images/Endowmen_Unit_Logo.png,https://endowment.uitm.edu.my/v1/,scholarship ,degree,"b40,m40,t20","3.5,4","Applied Sciences-Civil Engineering-Electrical Engineering-Medicine-Sports Science & Recreation-Architecture, Planning & Surveying-Computer & Mathematical Sciences-Health Sciences-Pharmacy-Chemical Engineering-Dentistry-Mechanical Engineering-Plantation & Agrotechnology-Administrative Science & Policy Studies-Education-Music-Art & Design-Film, Theater & Animation-Communication & Media Studies-Law-Accountancy-Information Management-Business & Management-Hotel & Tourism Management","UiTM is providing an opportunity for excellent Malaysian and international students to pursue their undergraduate and postgraduate studies at Universiti Teknologi MARA (UiTM) by offering them the UiTM Endowment Scholarship, the first of its kind in UiTM. The scholarship will not only cover academic tuition fees but also a rewarding monthly allowance. ",,10000,default,default
Biasiswa Endowment UiTM ,https://endowment.uitm.edu.my/v1/images/Endowmen_Unit_Logo.png,https://endowment.uitm.edu.my/v1/,scholarship ,master,"b40,m40,t20","3.5,4","Applied Sciences-Civil Engineering-Electrical Engineering-Medicine-Sports Science & Recreation-Architecture, Planning & Surveying-Computer & Mathematical Sciences-Health Sciences-Pharmacy-Chemical Engineering-Dentistry-Mechanical Engineering-Plantation & Agrotechnology-Administrative Science & Policy Studies-Education-Music-Art & Design-Film, Theater & Animation-Communication & Media Studies-Law-Accountancy-Information Management-Business & Management-Hotel & Tourism Management","UiTM is providing an opportunity for excellent Malaysian and international students to pursue their undergraduate and postgraduate studies at Universiti Teknologi MARA (UiTM) by offering them the UiTM Endowment Scholarship, the first of its kind in UiTM. The scholarship will not only cover academic tuition fees but also a rewarding monthly allowance. ",,24000,default,default
Biasiswa Endowment UiTM,https://endowment.uitm.edu.my/v1/images/Endowmen_Unit_Logo.png,https://endowment.uitm.edu.my/v1/,scholarship ,phd,"b40,m40,t20","3.75,4","Applied Sciences-Civil Engineering-Electrical Engineering-Medicine-Sports Science & Recreation-Architecture, Planning & Surveying-Computer & Mathematical Sciences-Health Sciences-Pharmacy-Chemical Engineering-Dentistry-Mechanical Engineering-Plantation & Agrotechnology-Administrative Science & Policy Studies-Education-Music-Art & Design-Film, Theater & Animation-Communication & Media Studies-Law-Accountancy-Information Management-Business & Management-Hotel & Tourism Management","UiTM is providing an opportunity for excellent Malaysian and international students to pursue their undergraduate and postgraduate studies at Universiti Teknologi MARA (UiTM) by offering them the UiTM Endowment Scholarship, the first of its kind in UiTM. The scholarship will not only cover academic tuition fees but also a rewarding monthly allowance. ",,36000,default,default
Biasiswa Gadang Scholarship,https://career.gadang.com.my/pics/logo.jpg,https://career.gadang.com.my/scholarship_program.php,scholarship ,degree,"b40,m40,t20","3.5,4","Civil Engineering-Architecture, Planning & Surveying- Civil Engineering-Mechanical Engineering-Electrical Engineering-Accountancy-Business & Management","Through this scholarship program, we intend to nurture and develop these exceptional individuals to achieve success in their professional endeavours through undergoing study programs at any of the local leading public or private universities/colleges.

",,0,default,default
Biasiswa Great Eastern Scholarship,https://www.greateasternlife.com/etc/clientlibs/greateastern_my/img/logo.png,https://www.greateasternlife.com/my/en/about-us/company-profile/sharing-with-the-community-scholarship.html,scholarship ,degree,"b40,m40","3.5,4",Accountancy- Business & Management-Computer & Mathematical Sciences-Medicine- Health Sciences- Communication & Media Studies-,"The Great Eastern Supremacy Scholarship Award is one of the leading programmes in the insurance industry. Every year since 1998, we have been the platform where almost a hundred deserving, talented, young Malaysians can pursue their dreams.",,15000,default,default
Biasiswa JPA – Program Ijazah Dalam Negara (PIDN),https://www.jpa.gov.my/images/frontend/jata2.png,https://www.jpa.gov.my/biasiswa-dan-tajaan/program-penajaan-microsite,pbu,"diploma,degree","b40,m40,t20","3,4",Civil Engineering- Electrical Engineering- Mechanical Engineering-Computer & Mathematical Sciences-Business & Management-Communication & Media Studies- Applied Sciences,"Applications are invited from candidates currently pursuing undergraduate studies at Public Universities (UA), Premier Polytechnics, and Government Linked Universities (GLU) designated by the Public Service Department (JPA) under the Convertible Loan Scheme (PBU).",,0,default,default
Biasiswa JPA – Program Ijazah Dalam Negara (PIDN),https://www.jpa.gov.my/images/frontend/jata2.png,https://www.jpa.gov.my/biasiswa-dan-tajaan/program-penajaan-microsite,pbu,"diploma,degree","b40,m40,t20","2,4",Medicine-Dentistry-Pharmacy-Health Sciences,"Applications are invited from candidates currently pursuing undergraduate studies at Public Universities (UA), Premier Polytechnics, and Government Linked Universities (GLU) designated by the Public Service Department (JPA) under the Convertible Loan Scheme (PBU).",,0,default,default
Biasiswa JPA – Program Pelajar Cemerlang (PPC),https://www.jpa.gov.my/images/frontend/jata2.png,https://www.jpa.gov.my/biasiswa-dan-tajaan/program-penajaan-microsite,scholarship ,"master,phd","b40,m40,t20","0,4","Applied Sciences-Civil Engineering-Electrical Engineering-Medicine-Sports Science & Recreation-Architecture, Planning & Surveying-Computer & Mathematical Sciences-Health Sciences-Pharmacy-Chemical Engineering-Dentistry-Mechanical Engineering-Plantation & Agrotechnology-Administrative Science & Policy Studies-Education-Music-Art & Design-Film, Theater & Animation-Communication & Media Studies-Law-Accountancy-Information Management-Business & Management-Hotel & Tourism Management",JPA-sponsored degree students to continue their studies at masters and doctoral degrees in various fields at universities identified by the Public Service Department (PSD) under the Excellent Student Program (PPC),,0,default,default
Biasiswa JPA |  Program Dermasiswa B40,https://www.jpa.gov.my/images/frontend/jata2.png,https://www.jpa.gov.my/biasiswa-dan-tajaan/program-penajaan-microsite,scholarship ,diploma,b40,"0,4","Art & Design-Health Sciences-Architecture, Planning & Surveying-Applied Sciences-Computer & Mathematical Sciences-Communication & Media Studies","The Dermasiswa B40 program is implemented as an initiative to alleviate the financial burden of students from low-income families, allowing them to pursue higher education. The program's focus is on TVET (Technical and Vocational Education and Training) fields and professional certificates that have high prospects in the industry.",,0,default,default
Biasiswa Kuok Foundation Berhad,https://kuokfoundation.com/wp-content/uploads/2021/06/kf-crane.png,https://kuokfoundation.com/study-awards/malaysian-public-universities/,scholarship ,degree,"b40,m40,t20","0,4","Applied Sciences-Civil Engineering-Electrical Engineering-Medicine-Sports Science & Recreation-Architecture, Planning & Surveying-Computer & Mathematical Sciences-Health Sciences-Pharmacy-Chemical Engineering-Dentistry-Mechanical Engineering-Plantation & Agrotechnology-Administrative Science & Policy Studies-Education-Music-Art & Design-Film, Theater & Animation-Communication & Media Studies-Law-Accountancy-Information Management-Business & Management-Hotel & Tourism Management",Kuok Foundation Berhad offers scholarships and loan-grant awards to students who are applying for or currently pursuing a first degree full-time and on-campus at any one of the Malaysian public universities.,,15000,default,default
Kuok Foundation Loan-Grant Awards,https://kuokfoundation.com/wp-content/uploads/2021/06/kf-crane.png,https://kuokfoundation.com/study-awards/malaysian-public-universities/,Study Loan,degree,"b40,m40,t20","0,4",Medicine-Dentistry,Kuok Foundation Berhad offers loan-grant awards to students who are applying for or currently pursuing a first degree full-time and on-campus at any one of the Malaysian public universities.,,15000,default,default
Kuok Foundation Loan-Grant Awards,https://kuokfoundation.com/wp-content/uploads/2021/06/kf-crane.png,https://kuokfoundation.com/study-awards/malaysian-public-universities/,Study Loan,degree,"b40,m40,t20","0,4",Applied Sciences-Pharmacy-Health Sciences-Sports Science and Recreation-Plantation & Agrotechnology-Computer and Mathematical Sciences-Chemical Engineering-Mechanical Engineering- Electrical Engineering-Civil Engineering,Kuok Foundation Berhad offers loan-grant awards to students who are applying for or currently pursuing a first degree full-time and on-campus at any one of the Malaysian public universities.,,14000,default,default
Kuok Foundation Loan-Grant Awards,https://kuokfoundation.com/wp-content/uploads/2021/06/kf-crane.png,https://kuokfoundation.com/study-awards/malaysian-public-universities/,Study Loan,degree,"b40,m40,t20","0,4","Art & Design-Music- Film, Theatre, and Animation-Communication and Media Studies",Kuok Foundation Berhad offers loan-grant awards to students who are applying for or currently pursuing a first degree full-time and on-campus at any one of the Malaysian public universities.,,13000,default,default
Biasiswa Lion-Parkson Foundation Scholarship,http://www.lion.com.my/Apps/ParksonScholarship.nsf/img/lpflogo.png,http://www.lion.com.my/Apps/ParksonScholarship.nsf/Welcome,scholarship ,degree,"b40,m40,t20","3.4,4","Applied Sciences-Civil Engineering-Electrical Engineering-Medicine-Sports Science & Recreation-Architecture, Planning & Surveying-Computer & Mathematical Sciences-Health Sciences-Pharmacy-Chemical Engineering-Dentistry-Mechanical Engineering-Plantation & Agrotechnology-Administrative Science & Policy Studies-Education-Music-Art & Design-Film, Theater & Animation-Communication & Media Studies-Law-Accountancy-Information Management-Business & Management-Hotel & Tourism Management","The Scholarships are awarded to passionate. energetic high achiever students who are committed to self-development, driven to excel and possess excellent communication and interpersonal skills.",,0,default,default
Biasiswa Maxis Scholarship - Maxis Tech Scholarship,https://www.maxis.com.my/content/dam/mxs/rebrand/maxis-logo.png,https://www.maxis.com.my/en/about-maxis/career/maxis-scholarship-programme/,scholarship ,degree,"b40,m40,t20","0,4",Electrical Engineering-Chemical Engineering-Applied Sciences-Computer & Mathematical Sciences,"Calling young tech talents! In line with our commitment to bring the best of technology to people, businesses and the nation, we want to help shape your digital career. This scholarship aims to propel innovative tech talents with big ambitions to pursue their undergraduate studies in various fields of technology.",,40000,default,default
Biasiswa Maxis Scholarship -Maxis Young Leaders Scholarship,https://www.maxis.com.my/content/dam/mxs/rebrand/maxis-logo.png,https://www.maxis.com.my/en/about-maxis/career/maxis-scholarship-programme/,scholarship ,degree,"b40,m40,t20","0,4",Business & Management-Accountancy-Law-,"Calling young tech talents! In line with our commitment to bring the best of technology to people, businesses and the nation, we want to help shape your digital career. This scholarship aims to propel innovative tech talents with big ambitions to pursue their undergraduate studies in various fields of technology.",,40000,default,default
Biasiswa Maybank Group Scholarship Programme,https://www.maybankfoundation.com/images/logo-white.svg,https://www.maybankfoundation.com/index.php/our-impact/maybank-group-scholarship-programme,scholarship ,degree,"b40,m40,t20","3,4","Applied Sciences-Civil Engineering-Electrical Engineering-Medicine-Sports Science & Recreation-Architecture, Planning & Surveying-Computer & Mathematical Sciences-Health Sciences-Pharmacy-Chemical Engineering-Dentistry-Mechanical Engineering-Plantation & Agrotechnology-Administrative Science & Policy Studies-Education-Music-Art & Design-Film, Theater & Animation-Communication & Media Studies-Law-Accountancy-Information Management-Business & Management-Hotel & Tourism Management",Granting of scholarships to deserving Malaysian students to pursue their tertiary education has been a key feature of Maybank’s CSR efforts since 1972. It is a major component of the ‘Education’ theme from the six (6) Corporate Responsibility pillars adopted by Maybank Foundation,,0,default,default
Biasiswa MNRB Scholarship Fund,https://www.mnrb.com.my/assets/images/logos/MNRB_logo.svg,https://www.mnrb.com.my/careers/scholarships,scholarship ,"foundation,diploma,degree,master","b40,m40,t20","3.5,4",Business & Management-Computer and Mathematical Sciences-Law-Accountancy,"The MNRB Scholarship Fund was established by MNRB Holdings Berhad in 1 April 1998 with an objective to assist in the development of the nation’s insurance and takaful industries by enabling promising students to have access to quality education, in order to produce quality insurance and takaful professionals for the long term development of the Malaysian insurance and takaful industries",,0,default,default
Biasiswa MyBrainSc – Kementerian Pengajian Tinggi (KPT),https://www.jpa.gov.my/images/frontend/jata2.png,https://biasiswa.mohe.gov.my/MyBrainSc/,scholarship ,degree,"b40,m40,t20","3.6,4",Applied Sciences,"The MyBrainSc Scholarship is open to all Malaysian citizens who are currently pursuing or will be pursuing full-time undergraduate and postgraduate studies in the fields of pure sciences, namely Physics, Chemistry, Biology, and Mathematics, at Public Universities (UA), Private Higher Education Institutions (IPTS), and reputable foreign universities.",,0,default,default
Biasiswa MyBrainSc – Kementerian Pengajian Tinggi (KPT),https://www.jpa.gov.my/images/frontend/jata2.png,https://biasiswa.mohe.gov.my/MyBrainSc/,scholarship ,"master,phd","b40,m40,t20","3.75,4",Applied Sciences,"The MyBrainSc Scholarship is open to all Malaysian citizens who are currently pursuing or will be pursuing full-time undergraduate and postgraduate studies in the fields of pure sciences, namely Physics, Chemistry, Biology, and Mathematics, at Public Universities (UA), Private Higher Education Institutions (IPTS), and reputable foreign universities.",,0,default,default
Biasiswa Persekutuan Ijazah Sarjana Muda Pendidikan (ISMP) Ambilan Sesi 2023,https://www.jpa.gov.my/images/frontend/jata2.png,https://www.biasiswamalaysia.com/biasiswa-kpm-ijazah-sarjana-muda-pendidikan-ismp/,scholarship ,degree,"b40,m40,t20","3.5,4",Education,Opportunities are open to all qualified Bachelor of Education students. This scholarship is exclusively for students from public universities ONLY.,,0,default,default
Biasiswa Senheng Education Assistance (SEA) Program,https://magento.senheng.com.my/media/logo/websites/2/senheng-logo.png,https://www.senheng.com.my/education-assistance,scholarship ,"degree,master","b40,m40,t20","0,4",Accountancy-Computer & Mathematical Sciences-Business & Management-Electrical Engineering-Art and Design-Communication and Media Studies,"Senheng Electric (KL) Sdn Bhd, one of the largest consumer elctronics retail chain stores in Malaysia, with over 100 outlets located across the country, is pleased to announce its Senheng Education Assistance (SEA) Program for talented & deserving students to fulfill their dreams of pursuing higher education.",,20000,default,default
Biasiswa Sagong Tasi,https://danapendidikan.selangor.gov.my/storage/app/media/SUK-logo.gif,https://danapendidikan.selangor.gov.my/tkwbns/pembiayaan-pendidikan/sagong-tasi-ipt,scholarship ,"diploma,degree","b40,m40","0,4","Applied Sciences-Civil Engineering-Electrical Engineering-Medicine-Sports Science & Recreation-Architecture, Planning & Surveying-Computer & Mathematical Sciences-Health Sciences-Pharmacy-Chemical Engineering-Dentistry-Mechanical Engineering-Plantation & Agrotechnology-Administrative Science & Policy Studies-Education-Music-Art & Design-Film, Theater & Animation-Communication & Media Studies-Law-Accountancy-Information Management-Business & Management-Hotel & Tourism Management",Biasiswa Sagong Tasi merupakan biasiswa khas untuk pelajar Orang Asli anak Selangor yang menuntut di IPT dan berpendapatan rendah.,15/4/2023,7200,orang asli,selangor
PINJAMAN YAYASAN SELANGOR,https://danapendidikan.selangor.gov.my/storage/app/media/SUK-logo.gif,https://tkwbns.selangor.gov.my/ys/pembiayaan-pendidikan/pinjaman-yayasan-selangor,Study Loan,"diploma,degree,master,phd",b40,"0,4","Applied Sciences-Civil Engineering-Electrical Engineering-Medicine-Sports Science & Recreation-Architecture, Planning & Surveying-Computer & Mathematical Sciences-Health Sciences-Pharmacy-Chemical Engineering-Dentistry-Mechanical Engineering-Plantation & Agrotechnology-Administrative Science & Policy Studies-Education-Music-Art & Design-Film, Theater & Animation-Communication & Media Studies-Law-Accountancy-Information Management-Business & Management-Hotel & Tourism Management",Yayasan Selangor telah ditubuhkan pada 5 November 1970 di bawah Akta Syarikat 1965 sebagai sebuah Syarikat Berhad Menurut Jaminan (Company Limited By Guarantee) tanpa modal saham.Tujuan penubuhan Yayasan Selangor adalah untuk memberi galakan dan bantuan pendidikan kepada rakyat negeri Selangor khasnya kepada mereka yang kurang berkemampuan tetapi berpotensi,,0,default,selangor
PINJAMAN BOLEH UBAH DALAM NEGARA (PBUDN),https://danapendidikan.selangor.gov.my/storage/app/media/SUK-logo.gif,https://tkwbns.selangor.gov.my/tkwbns/pembiayaan-pendidikan/pbudn,pbu,diploma,"b40,m40,t20","2.5,4","Applied Sciences-Civil Engineering-Electrical Engineering-Medicine-Sports Science & Recreation-Architecture, Planning & Surveying-Computer & Mathematical Sciences-Health Sciences-Pharmacy-Chemical Engineering-Dentistry-Mechanical Engineering-Plantation & Agrotechnology-Administrative Science & Policy Studies-Education-Music-Art & Design-Film, Theater & Animation-Communication & Media Studies-Law-Accountancy-Information Management-Business & Management-Hotel & Tourism Management",Tabung Kumpulan Wang Biasiswa Negeri Selangor (TKWBNS) telah ditubuhkan oleh Kerajaan Negeri Selangor pada tahun 1987 berpandukan kepada 'State of Selangor Enactment No. 4 of 1949 - Enakmen TKWBNS (Pindaan 2001)' bertujuan memberi pembiayaan pendidikan kepada anak Selangor dan penjawat awam negeri Selangor,14/6/2023,8000,default,selangor
PINJAMAN BOLEH UBAH DALAM NEGARA (PBUDN),https://danapendidikan.selangor.gov.my/storage/app/media/SUK-logo.gif,https://tkwbns.selangor.gov.my/tkwbns/pembiayaan-pendidikan/pbudn,pbu,degree,"b40,m40,t20","2.5,4","Applied Sciences-Civil Engineering-Electrical Engineering-Sports Science & Recreation-Architecture, Planning & Surveying-Computer & Mathematical Sciences-Health Sciences-Pharmacy-Chemical Engineering-Mechanical Engineering-Plantation & Agrotechnology-Administrative Science & Policy Studies-Education-Music-Art & Design-Film, Theater & Animation-Communication & Media Studies-Law-Accountancy-Information Management-Business & Management-Hotel & Tourism Management",Tabung Kumpulan Wang Biasiswa Negeri Selangor (TKWBNS) telah ditubuhkan oleh Kerajaan Negeri Selangor pada tahun 1987 berpandukan kepada 'State of Selangor Enactment No. 4 of 1949 - Enakmen TKWBNS (Pindaan 2001)' bertujuan memberi pembiayaan pendidikan kepada anak Selangor dan penjawat awam negeri Selangor,14/6/2023,10000,default,selangor
PINJAMAN BOLEH UBAH DALAM NEGARA (PBUDN),https://danapendidikan.selangor.gov.my/storage/app/media/SUK-logo.gif,https://tkwbns.selangor.gov.my/tkwbns/pembiayaan-pendidikan/pbudn,pbu,degree,"b40,m40,t20","0,4",Medicine-Dentistry,Tabung Kumpulan Wang Biasiswa Negeri Selangor (TKWBNS) telah ditubuhkan oleh Kerajaan Negeri Selangor pada tahun 1987 berpandukan kepada 'State of Selangor Enactment No. 4 of 1949 - Enakmen TKWBNS (Pindaan 2001)' bertujuan memberi pembiayaan pendidikan kepada anak Selangor dan penjawat awam negeri Selangor,14/6/2023,12000,default,selangor
Bantuan Dermasiswa Pengajian Tinggi,https://www.zakatselangor.com.my/wp-content/uploads/2018/10/lzs-logo.png,https://www.zakatselangor.com.my/pendidikan/,scholarship ,"foundation,diploma,degree,master,phd",b40,"0,4","Applied Sciences-Civil Engineering-Electrical Engineering-Medicine-Sports Science & Recreation-Architecture, Planning & Surveying-Computer & Mathematical Sciences-Health Sciences-Pharmacy-Chemical Engineering-Dentistry-Mechanical Engineering-Plantation & Agrotechnology-Administrative Science & Policy Studies-Education-Music-Art & Design-Film, Theater & Animation-Communication & Media Studies-Law-Accountancy-Information Management-Business & Management-Hotel & Tourism Management","Portal Pendidikan ini diwujudkan bagi memberi kemudahan kepada pelajar asnaf Fakir, Miskin dan Muallaf yang berdaftar di Lembaga Zakat Selangor (MAIS) untuk membuat permohonan Bantuan Dermasiswa Pengajian Tinggi dan Bantuan Persediaan Masuk IPT secara atas talian",,0,default,selangor
Biasiswa Zamalah Pendidikan MAIK,https://eagihan.e-maik.my/images/logo/logo.png,https://eagihan.e-maik.my/,scholarship ,diploma,b40,"3.5,4","Applied Sciences-Civil Engineering-Electrical Engineering-Medicine-Sports Science & Recreation-Architecture, Planning & Surveying-Computer & Mathematical Sciences-Health Sciences-Pharmacy-Chemical Engineering-Dentistry-Mechanical Engineering-Plantation & Agrotechnology-Administrative Science & Policy Studies-Education-Music-Art & Design-Film, Theater & Animation-Communication & Media Studies-Law-Accountancy-Information Management-Business & Management-Hotel & Tourism Management",MAIK merupakan agensi ditubuhkan pada 24 Disember 1915 yang mana penubuhannya bertujuan untuk menasihati KDYMM Al-Sultan selaku ketua agama berkenaan dengan hal ehwal agama Islam dan adat istiadat Melayu Kelantan.,,0,default,kelantan
Biasiswa Zamalah Pendidikan MAIK,https://eagihan.e-maik.my/images/logo/logo.png,https://eagihan.e-maik.my/,scholarship ,degree,b40,"3,4","Applied Sciences-Civil Engineering-Electrical Engineering-Medicine-Sports Science & Recreation-Architecture, Planning & Surveying-Computer & Mathematical Sciences-Health Sciences-Pharmacy-Chemical Engineering-Dentistry-Mechanical Engineering-Plantation & Agrotechnology-Administrative Science & Policy Studies-Education-Music-Art & Design-Film, Theater & Animation-Communication & Media Studies-Law-Accountancy-Information Management-Business & Management-Hotel & Tourism Management",MAIK merupakan agensi ditubuhkan pada 24 Disember 1915 yang mana penubuhannya bertujuan untuk menasihati KDYMM Al-Sultan selaku ketua agama berkenaan dengan hal ehwal agama Islam dan adat istiadat Melayu Kelantan.,,0,default,kelantan
Insentif Siswa Yayasan Perak (INSISYP) Dalam Dan Luar Negara,https://yayasanperak.gov.my/v6/wp-content/uploads/2021/09/cropped-logoputih-e1631156917233-1-300x212.png,https://yayasanperak.gov.my/v6/insentifsiswa-yayasan-perak-dalam-dan-luar-negara/,One-off Aid,diploma,"b40,m40","0,4","Applied Sciences-Civil Engineering-Electrical Engineering-Medicine-Sports Science & Recreation-Architecture, Planning & Surveying-Computer & Mathematical Sciences-Health Sciences-Pharmacy-Chemical Engineering-Dentistry-Mechanical Engineering-Plantation & Agrotechnology-Administrative Science & Policy Studies-Education-Music-Art & Design-Film, Theater & Animation-Communication & Media Studies-Law-Accountancy-Information Management-Business & Management-Hotel & Tourism Management",Bantuan permulaan secara ‘one-off’ kepada pelajar untuk melanjutkan pengajian ke peringkat Universiti / IPT di dalam dan luar negara.,Open,500,default,perak
Insentif Siswa Yayasan Perak (INSISYP) Dalam Dan Luar Negara,https://yayasanperak.gov.my/v6/wp-content/uploads/2021/09/cropped-logoputih-e1631156917233-1-300x212.png,https://yayasanperak.gov.my/v6/insentifsiswa-yayasan-perak-dalam-dan-luar-negara/,One-off Aid,degree,"b40,m40","0,4","Applied Sciences-Civil Engineering-Electrical Engineering-Medicine-Sports Science & Recreation-Architecture, Planning & Surveying-Computer & Mathematical Sciences-Health Sciences-Pharmacy-Chemical Engineering-Dentistry-Mechanical Engineering-Plantation & Agrotechnology-Administrative Science & Policy Studies-Education-Music-Art & Design-Film, Theater & Animation-Communication & Media Studies-Law-Accountancy-Information Management-Business & Management-Hotel & Tourism Management",Bantuan permulaan secara ‘one-off’ kepada pelajar untuk melanjutkan pengajian ke peringkat Universiti / IPT di dalam dan luar negara.,Open,1000,default,perak
Insentif Siswa Yayasan Perak (INSISYP) Dalam Dan Luar Negara,https://yayasanperak.gov.my/v6/wp-content/uploads/2021/09/cropped-logoputih-e1631156917233-1-300x212.png,https://yayasanperak.gov.my/v6/insentifsiswa-yayasan-perak-dalam-dan-luar-negara/,One-off Aid,master,"b40,m40","0,4","Applied Sciences-Civil Engineering-Electrical Engineering-Medicine-Sports Science & Recreation-Architecture, Planning & Surveying-Computer & Mathematical Sciences-Health Sciences-Pharmacy-Chemical Engineering-Dentistry-Mechanical Engineering-Plantation & Agrotechnology-Administrative Science & Policy Studies-Education-Music-Art & Design-Film, Theater & Animation-Communication & Media Studies-Law-Accountancy-Information Management-Business & Management-Hotel & Tourism Management",Bantuan permulaan secara ‘one-off’ kepada pelajar untuk melanjutkan pengajian ke peringkat Universiti / IPT di dalam dan luar negara.,Open,1500,default,perak
Insentif Siswa Yayasan Perak (INSISYP) Dalam Dan Luar Negara,https://yayasanperak.gov.my/v6/wp-content/uploads/2021/09/cropped-logoputih-e1631156917233-1-300x212.png,https://yayasanperak.gov.my/v6/insentifsiswa-yayasan-perak-dalam-dan-luar-negara/,One-off Aid,phd,"b40,m40","0,4","Applied Sciences-Civil Engineering-Electrical Engineering-Medicine-Sports Science & Recreation-Architecture, Planning & Surveying-Computer & Mathematical Sciences-Health Sciences-Pharmacy-Chemical Engineering-Dentistry-Mechanical Engineering-Plantation & Agrotechnology-Administrative Science & Policy Studies-Education-Music-Art & Design-Film, Theater & Animation-Communication & Media Studies-Law-Accountancy-Information Management-Business & Management-Hotel & Tourism Management",Bantuan permulaan secara ‘one-off’ kepada pelajar untuk melanjutkan pengajian ke peringkat Universiti / IPT di dalam dan luar negara.,Open,2000,default,perak
Bantuan Mahasiswa – Eheyns Perak Bantuan Sara Diri,https://eheyns.com.my/wp-content/uploads/2023/02/ehyns-1536x402.png,https://eheyns.com.my/bantuan-khas-mahasiswa/,One-off Aid,"diploma,degree,master,phd",b40,"3,4","Applied Sciences-Civil Engineering-Electrical Engineering-Medicine-Sports Science & Recreation-Architecture, Planning & Surveying-Computer & Mathematical Sciences-Health Sciences-Pharmacy-Chemical Engineering-Dentistry-Mechanical Engineering-Plantation & Agrotechnology-Administrative Science & Policy Studies-Education-Music-Art & Design-Film, Theater & Animation-Communication & Media Studies-Law-Accountancy-Information Management-Business & Management-Hotel & Tourism Management",Bantuan tambahan bagi menampung perbelanjaan harian mahasiswa sewaktu menjalani pengajian di IPT.,,0,default,perak
Bantuan Mahasiswa – Eheyns Perak Bantuan Kecemasan,https://eheyns.com.my/wp-content/uploads/2023/02/ehyns-1536x402.png,https://eheyns.com.my/bantuan-khas-mahasiswa/,One-off Aid,"diploma,degree,master,phd","b40,m40,t20","0,4","Applied Sciences-Civil Engineering-Electrical Engineering-Medicine-Sports Science & Recreation-Architecture, Planning & Surveying-Computer & Mathematical Sciences-Health Sciences-Pharmacy-Chemical Engineering-Dentistry-Mechanical Engineering-Plantation & Agrotechnology-Administrative Science & Policy Studies-Education-Music-Art & Design-Film, Theater & Animation-Communication & Media Studies-Law-Accountancy-Information Management-Business & Management-Hotel & Tourism Management",Bantuan tambahan bagi menampung perbelanjaan harian mahasiswa sewaktu menjalani pengajian di IPT.,Open,0,default,perak
Biasiswa Yayasan Sarawak Tun Taib (BYSTT),https://yayasansarawak.org.my/wp-content/themes/mytheme/images/logo.png,https://yayasansarawak.org.my/my/program-dan-bantuan/,scholarship ,degree,"b40,m40,t20","3,4","Applied Sciences-Civil Engineering-Electrical Engineering-Medicine-Sports Science & Recreation-Architecture, Planning & Surveying-Computer & Mathematical Sciences-Health Sciences-Pharmacy-Chemical Engineering-Dentistry-Mechanical Engineering-Plantation & Agrotechnology","Menyediakan biasiswa kepada pelajar cemerlang yang mengikuti kursus dalam bidang STEM (Sains, Teknologi, Kejuruteraan dan Matematik) sahaja.",,0,default,sarawak
Biasiswa Yayasan Sarawak Tun Taib (BYSTT),https://yayasansarawak.org.my/wp-content/themes/mytheme/images/logo.png,https://yayasansarawak.org.my/my/program-dan-bantuan/,scholarship ,"master,phd","b40,m40,t20","0,4","Applied Sciences-Civil Engineering-Electrical Engineering-Medicine-Sports Science & Recreation-Architecture, Planning & Surveying-Computer & Mathematical Sciences-Health Sciences-Pharmacy-Chemical Engineering-Dentistry-Mechanical Engineering-Plantation & Agrotechnology","Menyediakan biasiswa kepada pelajar cemerlang yang mengikuti kursus dalam bidang STEM (Sains, Teknologi, Kejuruteraan dan Matematik) sahaja.",,0,default,sarawak
Yayasan Biasiswa Sarawak Tunku Abdul Rahman (YBSTAR),https://yayasansarawak.org.my/wp-content/themes/mytheme/images/logo.png,https://yayasansarawak.org.my/my/program-dan-bantuan/,scholarship ,degree,"b40,m40,t20","3,4","Administrative Science & Policy Studies-Education-Music-Art & Design-Film, Theater & Animation-Communication & Media Studies-Law-Accountancy-Information Management-Business & Management-Hotel & Tourism Management","Menyediakan biasiswa kepada pelajar yang mengikuti kursus bukan bidang STEM (Sains, Teknologi, Kejuruteraan dan Matematik) sahaja.",,0,default,sarawak
Yayasan Biasiswa Sarawak Tunku Abdul Rahman (YBSTAR),https://yayasansarawak.org.my/wp-content/themes/mytheme/images/logo.png,https://yayasansarawak.org.my/my/program-dan-bantuan/,scholarship ,"master,phd","b40,m40,t20","3,4","Administrative Science & Policy Studies-Education-Music-Art & Design-Film, Theater & Animation-Communication & Media Studies-Law-Accountancy-Information Management-Business & Management-Hotel & Tourism Management","Menyediakan biasiswa kepada pelajar yang mengikuti kursus bukan bidang STEM (Sains, Teknologi, Kejuruteraan dan Matematik) sahaja.",,0,default,sarawak
Bantuan Kemasukan Ke IPT,https://yayasansarawak.org.my/wp-content/themes/mytheme/images/logo.png,https://yayasansarawak.org.my/my/program-dan-bantuan/,One-off Aid,"foundation,diploma,degree","b40,m40,t20","0,4","Applied Sciences-Civil Engineering-Electrical Engineering-Medicine-Sports Science & Recreation-Architecture, Planning & Surveying-Computer & Mathematical Sciences-Health Sciences-Pharmacy-Chemical Engineering-Dentistry-Mechanical Engineering-Plantation & Agrotechnology-Administrative Science & Policy Studies-Education-Music-Art & Design-Film, Theater & Animation-Communication & Media Studies-Law-Accountancy-Information Management-Business & Management-Hotel & Tourism Management",Membantu membiayai kos peringkat awal pelajar yang memulakan pengajian ke Institusi Pengajian Tinggi.,Open,1500,default,sarawak
Biasiswa Pinjaman Pelajaran Dalam Negara,https://yayasansarawak.org.my/wp-content/themes/mytheme/images/logo.png,https://yayasansarawak.org.my/my/program-dan-bantuan/,Study Loan,"foundation,diploma,degree,master,phd","b40,m40,t20","0,4","Applied Sciences-Civil Engineering-Electrical Engineering-Sports Science & Recreation-Architecture, Planning & Surveying-Computer & Mathematical Sciences-Health Sciences-Pharmacy-Chemical Engineering-Dentistry-Mechanical Engineering-Plantation & Agrotechnology-Administrative Science & Policy Studies-Education-Music-Art & Design-Film, Theater & Animation-Communication & Media Studies-Law-Accountancy-Information Management-Business & Management-Hotel & Tourism Management",Biasiswa Pinjaman kepada pelajar yang mengikuti pengajian di Institusi Pengajian Tinggi Awam (IPTA) dan Swasta Tempatan dengan keutamaan diberikan kepada IPTS milik Yayasan Sarawak atau Kerajaan Negeri Sarawak.,,0,default,sarawak
YSD Special Needs Bursary,http://www.yayasansimedarby.com/clients/Demo_Yayasan_Sime_Darby_970032BC-C2AD-4263-9E03-32332683E920/contentms/img/logo_mobile_black.png,http://www.yayasansimedarby.com/scholarship/scholarship-information,scholarship,"diploma,degree","b40,m40,t20","2.5,4","Applied Sciences-Civil Engineering-Electrical Engineering-Medicine-Sports Science & Recreation-Architecture, Planning & Surveying-Computer & Mathematical Sciences-Health Sciences-Pharmacy-Chemical Engineering-Dentistry-Mechanical Engineering-Plantation & Agrotechnology-Administrative Science & Policy Studies-Education-Music-Art & Design-Film, Theater & Animation-Communication & Media Studies-Law-Accountancy-Information Management-Business & Management-Hotel & Tourism Management",Yayasan Sime Darby invites promising Orang Kurang Upaya (OKU) undergraduate or diploma students for the September 2023 intake and first-year students to apply for a bursary to pursue tertiary education at any recognised Malaysian higher learning institutions.,,25000,oku,default
PINJAMAN PENDIDIKAN YAYASAN PAHANG,https://www.yp.org.my/wp-content/uploads/2021/08/logos-web-rasmi-sub-300x44.png,https://www.yp.org.my/pinjaman-pendidikan-yayasan-pahang/,Study Loan,"master,phd","b40,m40,t20","3,4","Applied Sciences-Civil Engineering-Electrical Engineering-Medicine-Sports Science & Recreation-Architecture, Planning & Surveying-Computer & Mathematical Sciences-Health Sciences-Pharmacy-Chemical Engineering-Dentistry-Mechanical Engineering-Plantation & Agrotechnology-Administrative Science & Policy Studies-Education-Music-Art & Design-Film, Theater & Animation-Communication & Media Studies-Law-Accountancy-Information Management-Business & Management-Hotel & Tourism Management",Kerajaan Negeri Pahang melalui Yayasan Pahang (YP) mempelawa calon-calon yang berkelayakan untuk memohon pinjaman pendidikan bagi melanjutkan pengajian di Institusi-intitusi Pengajian Tinggi (IPT) yang diiktiraf oleh Kerajaan Malaysia dan yang diluluskan oleh YP,Open,3000,default,pahang
PINJAMAN PENDIDIKAN YAYASAN PAHANG,https://www.yp.org.my/wp-content/uploads/2021/08/logos-web-rasmi-sub-300x44.png,https://www.yp.org.my/pinjaman-pendidikan-yayasan-pahang/,Study Loan,degree,"b40,m40,t20","3.2,4","Applied Sciences-Civil Engineering-Electrical Engineering-Architecture, Planning & Surveying-Computer & Mathematical Sciences-Pharmacy-Chemical Engineering-Mechanical Engineering-Plantation & Agrotechnology-Administrative Science & Policy Studies-Education-Communication & Media Studies-Law-Accountancy-Information Management-Business & Management-Hotel & Tourism Management",Kerajaan Negeri Pahang melalui Yayasan Pahang (YP) mempelawa calon-calon yang berkelayakan untuk memohon pinjaman pendidikan bagi melanjutkan pengajian di Institusi-intitusi Pengajian Tinggi (IPT) yang diiktiraf oleh Kerajaan Malaysia dan yang diluluskan oleh YP,Open,3000,default,pahang
GERAN PRA SISWAZAH & PASCA SISWAZAH,https://www.yp.org.my/wp-content/uploads/2021/08/logos-web-rasmi-sub-300x44.png,https://www.yp.org.my/program-bantuan-pendidikan/geran-pra-siswazah-pasca-siswazah/,One-off Aid,"foundation,diploma,degree","b40,m40,t20","2.8,4","Applied Sciences-Civil Engineering-Electrical Engineering-Architecture, Planning & Surveying-Computer & Mathematical Sciences-Pharmacy-Chemical Engineering-Mechanical Engineering-Plantation & Agrotechnology-Administrative Science & Policy Studies-Education-Communication & Media Studies-Law-Accountancy-Information Management-Business & Management-Hotel & Tourism Management",Skim ini mula diperkenalkan pada tahun 2000. Skim ini dikhaskan kepada pelajar-pelajar anak Pahang yang berjaya melanjutkan pengajian ke Institusi Pengajian Tinggi dan bayaran dibuat secara one-off.,Open,700,default,pahang
GERAN PRA SISWAZAH & PASCA SISWAZAH,https://www.yp.org.my/wp-content/uploads/2021/08/logos-web-rasmi-sub-300x44.png,https://www.yp.org.my/program-bantuan-pendidikan/geran-pra-siswazah-pasca-siswazah/,One-off Aid,"master,phd","b40,m40,t20","3,4","Applied Sciences-Civil Engineering-Electrical Engineering-Architecture, Planning & Surveying-Computer & Mathematical Sciences-Pharmacy-Chemical Engineering-Mechanical Engineering-Plantation & Agrotechnology-Administrative Science & Policy Studies-Education-Communication & Media Studies-Law-Accountancy-Information Management-Business & Management-Hotel & Tourism Management",Skim ini mula diperkenalkan pada tahun 2000. Skim ini dikhaskan kepada pelajar-pelajar anak Pahang yang berjaya melanjutkan pengajian ke Institusi Pengajian Tinggi dan bayaran dibuat secara one-off.,Open,1200,default,pahang
BIASISWA IPT YAYASAN PAHANG LEPASAN STPM,https://www.yp.org.my/wp-content/uploads/2021/08/logos-web-rasmi-sub-300x44.png,https://www.yp.org.my/biasiswa-ipt-yayasan-pahang-lepasan-stpm/,scholarship,degree,"b40,m40","3,4","Applied Sciences-Civil Engineering-Electrical Engineering-Architecture, Planning & Surveying-Computer & Mathematical Sciences-Pharmacy-Chemical Engineering-Mechanical Engineering-Plantation & Agrotechnology-Administrative Science & Policy Studies-Education-Communication & Media Studies-Law-Accountancy-Information Management-Business & Management-Hotel & Tourism Management","BIASISWA IPT YAYASAN PAHANG (LEPASAN STPM) ini diwujudkan bagi memberi peluang akses pendidikan yang sama rata kepada pelajar-pelajar anak Pahang yang kurang berkemampuan dan sebagai motivasi kepada pelajar lepasan Sijil Tinggi Persekolahan Malaysia (STPM) yang cemerlang meliputi elaun sara hidup bagi meringankan beban kos pengajian pelajar.  Melalui biasiswa ini, ianya dapat membantu meningkatkan modal insan dalam Negeri Pahang.",,3000,default,pahang
Biasiswa Kerajaan Negeri Sabah,https://www.biasiswamalaysia.com/wp-content/uploads/2022/06/biasiswa-kerajaan-sabah.png,https://biasiswa.sabah.gov.my/,scholarship,"diploma,degree,master","b40,m40","3.5,4","Applied Sciences-Civil Engineering-Electrical Engineering-Medicine-Sports Science & Recreation-Architecture, Planning & Surveying-Computer & Mathematical Sciences-Health Sciences-Pharmacy-Chemical Engineering-Dentistry-Mechanical Engineering-Plantation & Agrotechnology-Administrative Science & Policy Studies-Education-Music-Art & Design-Film, Theater & Animation-Communication & Media Studies-Law-Accountancy-Information Management-Business & Management-Hotel & Tourism Management",Biasiswa Kerajaan Negeri Sabah menaja pelajar yang telah mendapat tempat di Institusi Pengajian Tinggi Awam (IPTA) dan yang sedang dalam pengajian berdasarkan bidang kursus yang telah diiklankan sahaja.,Open,0,default,sabah
Biasiswa Penang Future Foundation Scholarship Penang Scholar,https://penangfuturefoundation.my/wp-content/uploads/2018/06/site-logo-2.png,https://penangfuturefoundation.my/,scholarship,degree,"m40,t20","3.67,4","Applied Sciences-Civil Engineering-Electrical Engineering-Sports Science & Recreation-Architecture, Planning & Surveying-Computer & Mathematical Sciences-Health Sciences-Pharmacy-Chemical Engineering-Dentistry-Mechanical Engineering-Plantation & Agrotechnology-Accountancy-Information Management-Business & Management","PENANG FUTURE FOUNDATION, made possible by donations from private sectors and individuals, is a scholarship program awarded by the Penang State Government to outstanding and deserving Malaysians to pursue their undergraduate studies in Malaysia. This is one of the State’s initiatives to stem the tide of brain drain and nurture Penang as a talent hub. While the scholarships are open to all eligible Malaysians regardless of race, religion and gender, preference will be given to outstanding and deserving youths from single, low to middle-income families. Upon successful completion of studies, the sponsored scholars are required to work in Penang in organizations of their choice, be it in the private or public sector.",25/8/2023,9600,default,penang
Biasiswa Penang Future Foundation Scholarship Mutiara Scholar,https://penangfuturefoundation.my/wp-content/uploads/2018/06/site-logo-2.png,https://penangfuturefoundation.my/,scholarship,degree,b40,"3,4","Applied Sciences-Civil Engineering-Electrical Engineering-Sports Science & Recreation-Architecture, Planning & Surveying-Computer & Mathematical Sciences-Health Sciences-Pharmacy-Chemical Engineering-Dentistry-Mechanical Engineering-Plantation & Agrotechnology-Accountancy-Information Management-Business & Management","PENANG FUTURE FOUNDATION, made possible by donations from private sectors and individuals, is a scholarship program awarded by the Penang State Government to outstanding and deserving Malaysians to pursue their undergraduate studies in Malaysia. This is one of the State’s initiatives to stem the tide of brain drain and nurture Penang as a talent hub. While the scholarships are open to all eligible Malaysians regardless of race, religion and gender, preference will be given to outstanding and deserving youths from single, low to middle-income families. Upon successful completion of studies, the sponsored scholars are required to work in Penang in organizations of their choice, be it in the private or public sector.",25/8/2023,6000,default,penang
Bantuan Awal Pengajian Dalam dan Luar Negara 2022,http://yp.maidam.gov.my/iptonline/images/banner.jpg,http://yp.maidam.gov.my/iptonline/,One-off Aid,"foundation,diploma,degree,master,phd",b40,"0,4","Applied Sciences-Civil Engineering-Electrical Engineering-Medicine-Sports Science & Recreation-Architecture, Planning & Surveying-Computer & Mathematical Sciences-Health Sciences-Pharmacy-Chemical Engineering-Dentistry-Mechanical Engineering-Plantation & Agrotechnology-Administrative Science & Policy Studies-Education-Music-Art & Design-Film, Theater & Animation-Communication & Media Studies-Law-Accountancy-Information Management-Business & Management-Hotel & Tourism Management",Meringankan bebanan para ibu bapa dalam menampung kos keperluan pengajian anak-anak mereka ke pusat pengajian.,Open,0,default,terengganu
BANTUAN PENGAJIAN IPT DALAM DAN LUAR NEGARA,http://yp.maidam.gov.my/iptonline/images/banner.jpg,http://yp.maidam.gov.my/iptonline/,One-off Aid,diploma,"b40,m40,t20","3,4","Applied Sciences-Civil Engineering-Electrical Engineering-Medicine-Sports Science & Recreation-Architecture, Planning & Surveying-Computer & Mathematical Sciences-Health Sciences-Pharmacy-Chemical Engineering-Dentistry-Mechanical Engineering-Plantation & Agrotechnology-Administrative Science & Policy Studies-Education-Music-Art & Design-Film, Theater & Animation-Communication & Media Studies-Law-Accountancy-Information Management-Business & Management-Hotel & Tourism Management",Menyediakan bantuan kepada penuntut Terengganu yang tidak berpeluang mendapat pinjaman atau pembiayaan pengajian di dalam dan luar negara.,Open,800,default,terengganu
BANTUAN PENGAJIAN IPT DALAM DAN LUAR NEGARA,http://yp.maidam.gov.my/iptonline/images/banner.jpg,http://yp.maidam.gov.my/iptonline/,One-off Aid,degree,"b40,m40,t20","3,4","Applied Sciences-Civil Engineering-Electrical Engineering-Medicine-Sports Science & Recreation-Architecture, Planning & Surveying-Computer & Mathematical Sciences-Health Sciences-Pharmacy-Chemical Engineering-Dentistry-Mechanical Engineering-Plantation & Agrotechnology-Administrative Science & Policy Studies-Education-Music-Art & Design-Film, Theater & Animation-Communication & Media Studies-Law-Accountancy-Information Management-Business & Management-Hotel & Tourism Management",Menyediakan bantuan kepada penuntut Terengganu yang tidak berpeluang mendapat pinjaman atau pembiayaan pengajian di dalam dan luar negara.,Open,1000,default,terengganu
BANTUAN PENGAJIAN IPT DALAM DAN LUAR NEGARA,http://yp.maidam.gov.my/iptonline/images/banner.jpg,http://yp.maidam.gov.my/iptonline/,One-off Aid,master,b40,"0,4","Applied Sciences-Civil Engineering-Electrical Engineering-Medicine-Sports Science & Recreation-Architecture, Planning & Surveying-Computer & Mathematical Sciences-Health Sciences-Pharmacy-Chemical Engineering-Dentistry-Mechanical Engineering-Plantation & Agrotechnology-Administrative Science & Policy Studies-Education-Music-Art & Design-Film, Theater & Animation-Communication & Media Studies-Law-Accountancy-Information Management-Business & Management-Hotel & Tourism Management",Menyediakan bantuan kepada penuntut Terengganu yang tidak berpeluang mendapat pinjaman atau pembiayaan pengajian di dalam dan luar negara.,Open,1500,default,terengganu
BANTUAN PENGAJIAN IPT DALAM DAN LUAR NEGARA,http://yp.maidam.gov.my/iptonline/images/banner.jpg,http://yp.maidam.gov.my/iptonline/,One-off Aid,phd,b40,"0,5","Applied Sciences-Civil Engineering-Electrical Engineering-Medicine-Sports Science & Recreation-Architecture, Planning & Surveying-Computer & Mathematical Sciences-Health Sciences-Pharmacy-Chemical Engineering-Dentistry-Mechanical Engineering-Plantation & Agrotechnology-Administrative Science & Policy Studies-Education-Music-Art & Design-Film, Theater & Animation-Communication & Media Studies-Law-Accountancy-Information Management-Business & Management-Hotel & Tourism Management",Menyediakan bantuan kepada penuntut Terengganu yang tidak berpeluang mendapat pinjaman atau pembiayaan pengajian di dalam dan luar negara.,Open,2000,default,terengganu
Biasiswa Endowment UiTM,https://endowment.uitm.edu.my/v1/images/Endowmen_Unit_Logo.png,https://endowment.uitm.edu.my/v1/,scholarship,degree,"b40,m40,t20","3,5","Applied Sciences-Civil Engineering-Electrical Engineering-Medicine-Sports Science & Recreation-Architecture, Planning & Surveying-Computer & Mathematical Sciences-Health Sciences-Pharmacy-Chemical Engineering-Dentistry-Mechanical Engineering-Plantation & Agrotechnology-Administrative Science & Policy Studies-Education-Music-Art & Design-Film, Theater & Animation-Communication & Media Studies-Law-Accountancy-Information Management-Business & Management-Hotel & Tourism Management","UiTM is providing an opportunity for excellent Malaysian and international students to pursue their undergraduate and postgraduate studies at Universiti Teknologi MARA (UiTM) by offering them the UiTM Endowment Scholarship, the first of its kind in UiTM. The scholarship will not only cover academic tuition fees but also a rewarding monthly allowance. ",,10000,oku,default
Biasiswa Endowment UiTM,https://endowment.uitm.edu.my/v1/images/Endowmen_Unit_Logo.png,https://endowment.uitm.edu.my/v1/,scholarship,master,"b40,m40,t20","3,5","Applied Sciences-Civil Engineering-Electrical Engineering-Medicine-Sports Science & Recreation-Architecture, Planning & Surveying-Computer & Mathematical Sciences-Health Sciences-Pharmacy-Chemical Engineering-Dentistry-Mechanical Engineering-Plantation & Agrotechnology-Administrative Science & Policy Studies-Education-Music-Art & Design-Film, Theater & Animation-Communication & Media Studies-Law-Accountancy-Information Management-Business & Management-Hotel & Tourism Management","UiTM is providing an opportunity for excellent Malaysian and international students to pursue their undergraduate and postgraduate studies at Universiti Teknologi MARA (UiTM) by offering them the UiTM Endowment Scholarship, the first of its kind in UiTM. The scholarship will not only cover academic tuition fees but also a rewarding monthly allowance. ",,24000,oku,default
Biasiswa Endowment UiTM,https://endowment.uitm.edu.my/v1/images/Endowmen_Unit_Logo.png,https://endowment.uitm.edu.my/v1/,scholarship,phd,"b40,m40,t20","3,5","Applied Sciences-Civil Engineering-Electrical Engineering-Medicine-Sports Science & Recreation-Architecture, Planning & Surveying-Computer & Mathematical Sciences-Health Sciences-Pharmacy-Chemical Engineering-Dentistry-Mechanical Engineering-Plantation & Agrotechnology-Administrative Science & Policy Studies-Education-Music-Art & Design-Film, Theater & Animation-Communication & Media Studies-Law-Accountancy-Information Management-Business & Management-Hotel & Tourism Management","UiTM is providing an opportunity for excellent Malaysian and international students to pursue their undergraduate and postgraduate studies at Universiti Teknologi MARA (UiTM) by offering them the UiTM Endowment Scholarship, the first of its kind in UiTM. The scholarship will not only cover academic tuition fees but also a rewarding monthly allowance. ",,36000,oku,default
